Community,Age,Weight,Delivery phase,HB,IFA,BP,Education,Residence,Result
1,26,35,1,8.7,1,1.714285714,5,1,0
1,30,31,1,8.7,1,1.714285714,5,1,0
1,22,33,1,8.7,1,1.714285714,5,1,0
1,22,35,1,8.7,1,1.714285714,5,1,0
1,25,42,1,8.7,1,1.714285714,5,1,1
1,24,40,1,8.7,1,1.714285714,5,1,1
1,27,35,1,8.7,1,1.714285714,5,1,1
1,22,39,1,8.7,1,1.714285714,5,1,1
